1006.0,	12
1013.0,	8
1020.0,	10
1027.0,	13
1034.0,	16
1041.0,	16
1048.0,	17
1055.0,	11
1062.0,	16
1069.0,	17
1076.0,	15
1083.0,	14
1090.0,	16
1097.0,	21
1104.0,	13
1111.0,	19
1118.0,	18
1125.0,	22
1132.0,	22
1139.0,	29
1146.0,	15
1153.0,	35
1160.0,	24
1167.0,	33
1174.0,	34
1181.0,	26
1188.0,	31
1195.0,	36
1202.0,	34
1209.0,	36
1216.0,	36
1223.0,	34
1230.0,	37
1237.0,	35
1244.0,	36
1251.0,	36
1258.0,	39
1265.0,	41
1272.0,	37
1279.0,	41
1286.0,	38
1293.0,	42
1300.0,	42
1307.0,	37
1314.0,	49
1321.0,	48
1328.0,	40
1335.0,	36
1342.0,	48
1349.0,	27
1356.0,	32
1363.0,	47
1370.0,	40
1377.0,	40
1384.0,	47
1391.0,	42
1398.0,	48
1405.0,	31
1412.0,	43
1419.0,	46
1426.0,	51
1433.0,	54
1440.0,	41
1447.0,	50
1454.0,	46
1461.0,	45
1468.0,	38
1475.0,	48
1482.0,	36
1489.0,	56
1496.0,	54
1503.0,	37
1510.0,	45
1517.0,	41
1524.0,	37
1531.0,	36
1538.0,	34
1545.0,	38
1552.0,	34
1559.0,	29
1566.0,	39
1573.0,	28
1580.0,	33
1587.0,	25
1594.0,	34
1601.0,	35
1608.0,	36
1615.0,	30
1622.0,	20
1629.0,	23
1636.0,	21
1643.0,	33
1650.0,	33
1657.0,	22
1664.0,	29
1671.0,	28
1678.0,	31
1685.0,	18
1692.0,	22
1699.0,	21
1706.0,	19
1713.0,	16
1720.0,	25
1727.0,	11
1734.0,	25
1741.0,	18
1748.0,	32
1755.0,	24
1762.0,	23
1769.0,	28
1776.0,	14
1783.0,	22
1790.0,	23
1797.0,	18
1804.0,	31
1811.0,	30
1818.0,	30
1825.0,	29
1832.0,	27
1839.0,	23
1846.0,	16
1853.0,	24
1860.0,	14
1867.0,	15
1874.0,	13
1881.0,	16
1888.0,	11
1895.0,	17
1902.0,	14
1909.0,	13
1916.0,	14
1923.0,	17
1930.0,	12
1937.0,	11
1944.0,	6
1951.0,	11
1958.0,	8
1965.0,	10
1972.0,	10
1979.0,	6
1986.0,	11
1993.0,	8
2005.0,	8
2012.0,	5
2019.0,	8
2026.0,	3
2033.0,	6
2040.0,	11
2047.0,	7
2054.0,	5
2061.0,	7
2068.0,	5
2075.0,	6
2082.0,	12
2089.0,	8
2096.0,	4
2103.0,	7
2110.0,	8
2117.0,	4
2131.0,	7
2138.0,	3
2145.0,	1
2152.0,	6
2159.0,	2
2166.0,	8
2173.0,	8
2180.0,	2
2187.0,	3
2194.0,	2
2201.0,	1
2208.0,	2
2215.0,	1
2222.0,	3
2229.0,	5
2236.0,	4
2243.0,	4
2250.0,	6
2257.0,	5
2264.0,	3
2271.0,	4
2278.0,	6
2285.0,	2
2292.0,	2
2299.0,	8
2306.0,	3
2313.0,	5
2320.0,	7
2327.0,	7
2334.0,	3
2341.0,	4
2348.0,	1
2355.0,	3
236.0,	1
2362.0,	1
2369.0,	4
2376.0,	3
2383.0,	4
2390.0,	3
2397.0,	2
2404.0,	4
2411.0,	2
2418.0,	1
2425.0,	2
2432.0,	2
2439.0,	1
2446.0,	2
2453.0,	1
2460.0,	1
2467.0,	2
2474.0,	1
2502.0,	2
2509.0,	2
2516.0,	4
2530.0,	1
2544.0,	2
2551.0,	2
2558.0,	2
2565.0,	2
2572.0,	1
2586.0,	1
2593.0,	2
2600.0,	3
2614.0,	4
2628.0,	1
2635.0,	2
2649.0,	3
2656.0,	1
2663.0,	4
2670.0,	3
2677.0,	2
2691.0,	3
2698.0,	5
2705.0,	2
2712.0,	1
2719.0,	3
2726.0,	2
2733.0,	1
2740.0,	4
2747.0,	2
2754.0,	6
2761.0,	1
2768.0,	4
2782.0,	3
2789.0,	3
2810.0,	2
2817.0,	2
2824.0,	3
2831.0,	2
2838.0,	5
2845.0,	3
2852.0,	5
2859.0,	1
2866.0,	3
2873.0,	5
2880.0,	2
2887.0,	3
2894.0,	2
2901.0,	2
2908.0,	4
2915.0,	1
2922.0,	1
2929.0,	2
2936.0,	2
2950.0,	3
2957.0,	1
2964.0,	1
2978.0,	1
3006.0,	2
3013.0,	4
3041.0,	1
3055.0,	1
3090.0,	1
411.0,	1
474.0,	1
530.0,	1
572.0,	2
593.0,	1
600.0,	2
607.0,	1
621.0,	1
628.0,	2
642.0,	2
649.0,	1
656.0,	1
663.0,	1
684.0,	1
691.0,	2
698.0,	1
705.0,	1
712.0,	1
719.0,	1
726.0,	5
733.0,	1
740.0,	2
747.0,	1
754.0,	3
782.0,	1
789.0,	3
803.0,	2
810.0,	4
817.0,	2
824.0,	3
838.0,	3
845.0,	8
852.0,	1
859.0,	3
866.0,	5
873.0,	5
880.0,	4
887.0,	3
894.0,	2
901.0,	5
908.0,	8
915.0,	7
922.0,	9
929.0,	7
936.0,	8
943.0,	4
950.0,	10
957.0,	9
964.0,	7
971.0,	9
978.0,	7
985.0,	7
992.0,	15
999.0,	15
1005.0,	7
1012.0,	10
1019.0,	18
1026.0,	9
1033.0,	22
1040.0,	16
1047.0,	17
1054.0,	14
1061.0,	16
1068.0,	15
1075.0,	13
1082.0,	14
1089.0,	16
1096.0,	18
1103.0,	16
1110.0,	24
1117.0,	15
1124.0,	21
1131.0,	20
1138.0,	31
1145.0,	26
1152.0,	20
1159.0,	32
1166.0,	20
1173.0,	30
1180.0,	26
1187.0,	23
1194.0,	26
1201.0,	37
1208.0,	30
1215.0,	31
1222.0,	37
1229.0,	33
1236.0,	41
1243.0,	24
1250.0,	36
1257.0,	41
1264.0,	44
1271.0,	42
1278.0,	42
1285.0,	42
1292.0,	45
1299.0,	36
1306.0,	41
1313.0,	39
1320.0,	48
1327.0,	44
1334.0,	46
1341.0,	44
1348.0,	41
1355.0,	39
1362.0,	47
1369.0,	51
1376.0,	44
1383.0,	34
1390.0,	45
1397.0,	51
1404.0,	44
1411.0,	33
1418.0,	36
1425.0,	47
1432.0,	38
1439.0,	44
1446.0,	46
1453.0,	32
1460.0,	47
1467.0,	29
1474.0,	50
1481.0,	35
1488.0,	44
1495.0,	36
1502.0,	37
1509.0,	33
1516.0,	40
1523.0,	46
1530.0,	42
1537.0,	40
1544.0,	22
1551.0,	36
1558.0,	38
1565.0,	29
1572.0,	30
1579.0,	37
1586.0,	33
1593.0,	35
1600.0,	34
1607.0,	29
1614.0,	32
1621.0,	38
1628.0,	24
1635.0,	31
1642.0,	37
1649.0,	24
1656.0,	40
1663.0,	35
1670.0,	30
1677.0,	22
1684.0,	25
1691.0,	32
1698.0,	22
1705.0,	32
1712.0,	17
1719.0,	34
1726.0,	21
1733.0,	29
1740.0,	19
1747.0,	18
1754.0,	23
1761.0,	19
1768.0,	27
1775.0,	27
1782.0,	21
1789.0,	27
1796.0,	25
1803.0,	23
1810.0,	16
1817.0,	30
1824.0,	29
1831.0,	34
1838.0,	25
1845.0,	26
1852.0,	16
1859.0,	32
1866.0,	19
1873.0,	15
1880.0,	17
1887.0,	12
1894.0,	13
1901.0,	20
1908.0,	9
1915.0,	10
1922.0,	14
1929.0,	16
1936.0,	12
1943.0,	9
1950.0,	18
1957.0,	11
1964.0,	10
1971.0,	15
1978.0,	8
1985.0,	17
1992.0,	10
1999.0,	9
2004.0,	9
2011.0,	6
2018.0,	6
2025.0,	8
2032.0,	10
2039.0,	6
2046.0,	5
2053.0,	5
2060.0,	6
2067.0,	3
2074.0,	5
2081.0,	6
2088.0,	5
2095.0,	8
2102.0,	2
2109.0,	1
2116.0,	6
2123.0,	3
2130.0,	6
2137.0,	4
2144.0,	5
2151.0,	2
2158.0,	6
2165.0,	9
2172.0,	4
2179.0,	5
2186.0,	1
2193.0,	2
2200.0,	4
2207.0,	3
2214.0,	4
2221.0,	4
2228.0,	4
2235.0,	7
2249.0,	5
2256.0,	5
2263.0,	7
2270.0,	7
2277.0,	4
2284.0,	7
2291.0,	1
2298.0,	6
2305.0,	3
2312.0,	2
2319.0,	1
2326.0,	3
2333.0,	3
2340.0,	3
2347.0,	3
2354.0,	5
2361.0,	4
2368.0,	1
2375.0,	2
2389.0,	2
2396.0,	5
2403.0,	2
2410.0,	3
2417.0,	3
2424.0,	1
2431.0,	3
2438.0,	5
2445.0,	1
2452.0,	1
2459.0,	1
2466.0,	2
2473.0,	6
2480.0,	1
2487.0,	2
2501.0,	1
2515.0,	1
2522.0,	1
2529.0,	3
2536.0,	3
2543.0,	1
2550.0,	1
2557.0,	1
2564.0,	3
2571.0,	2
2578.0,	2
2585.0,	2
2592.0,	3
2599.0,	1
2606.0,	4
2613.0,	1
2620.0,	2
2627.0,	2
2634.0,	1
2641.0,	1
2648.0,	2
2655.0,	2
2662.0,	3
2669.0,	3
2676.0,	1
2683.0,	3
2690.0,	1
2697.0,	2
2704.0,	2
2711.0,	2
2725.0,	1
2732.0,	4
2739.0,	6
2746.0,	2
2753.0,	3
2760.0,	2
2767.0,	2
2774.0,	1
2781.0,	2
2788.0,	1
2795.0,	1
2809.0,	5
2816.0,	1
2823.0,	3
2830.0,	2
2837.0,	5
2844.0,	1
2851.0,	3
2858.0,	1
2872.0,	2
2879.0,	3
2886.0,	3
2893.0,	3
2900.0,	2
2907.0,	1
2914.0,	1
2921.0,	2
2935.0,	3
2942.0,	2
2956.0,	3
2963.0,	1
2977.0,	3
2984.0,	1
2991.0,	4
2998.0,	1
3005.0,	1
3012.0,	1
3033.0,	2
3047.0,	1
3075.0,	1
3082.0,	1
3089.0,	1
3103.0,	1
382.0,	1
410.0,	1
424.0,	1
445.0,	1
557.0,	1
585.0,	1
592.0,	3
648.0,	2
655.0,	2
669.0,	1
676.0,	3
683.0,	1
704.0,	2
711.0,	1
718.0,	1
746.0,	2
753.0,	2
767.0,	2
774.0,	2
781.0,	3
795.0,	8
802.0,	3
809.0,	4
816.0,	6
823.0,	2
830.0,	4
837.0,	5
844.0,	7
851.0,	8
858.0,	4
865.0,	6
872.0,	5
879.0,	12
886.0,	4
893.0,	3
900.0,	6
907.0,	8
914.0,	7
921.0,	9
928.0,	11
935.0,	12
942.0,	3
949.0,	3
956.0,	8
963.0,	12
970.0,	9
977.0,	8
984.0,	7
991.0,	9
998.0,	10
1004.0,	5
1011.0,	9
1018.0,	7
1025.0,	10
1032.0,	13
1039.0,	11
1046.0,	10
1053.0,	15
1060.0,	12
1067.0,	11
1074.0,	17
1081.0,	20
1088.0,	11
1095.0,	23
1102.0,	20
1109.0,	24
1116.0,	26
1123.0,	23
1130.0,	28
1137.0,	26
1144.0,	36
1151.0,	19
1158.0,	21
1165.0,	27
1172.0,	32
1179.0,	25
1186.0,	30
1193.0,	27
1200.0,	53
1207.0,	35
1214.0,	33
1221.0,	41
1228.0,	32
1235.0,	35
1242.0,	44
1249.0,	43
1256.0,	33
1263.0,	38
1270.0,	37
1277.0,	41
1284.0,	40
1291.0,	44
1298.0,	47
1305.0,	39
1312.0,	52
1319.0,	43
1326.0,	51
1333.0,	43
1340.0,	34
1347.0,	46
1354.0,	46
1361.0,	41
1368.0,	44
1375.0,	37
1382.0,	44
1389.0,	50
1396.0,	48
1403.0,	55
1410.0,	45
1417.0,	49
1424.0,	30
1431.0,	39
1438.0,	50
1445.0,	52
1452.0,	37
1459.0,	43
1466.0,	44
1473.0,	50
1480.0,	44
1487.0,	37
1494.0,	33
1501.0,	32
1508.0,	47
1515.0,	30
1522.0,	41
1529.0,	37
1536.0,	38
1543.0,	50
1550.0,	54
1557.0,	33
1564.0,	29
1571.0,	39
1578.0,	45
1585.0,	35
1592.0,	35
1599.0,	25
1606.0,	24
1613.0,	32
1620.0,	33
1627.0,	25
1634.0,	24
1641.0,	30
1648.0,	34
1655.0,	33
1662.0,	31
1669.0,	34
1676.0,	24
1683.0,	30
1690.0,	19
1697.0,	31
1704.0,	19
1711.0,	26
1718.0,	23
1725.0,	25
1732.0,	24
1739.0,	19
1746.0,	28
1753.0,	32
1760.0,	20
1767.0,	23
1774.0,	27
1781.0,	19
1788.0,	26
1795.0,	19
1802.0,	27
1809.0,	22
1816.0,	22
1823.0,	28
1830.0,	34
1837.0,	33
1844.0,	29
1851.0,	29
1858.0,	16
1865.0,	15
1872.0,	19
1879.0,	19
1886.0,	22
1893.0,	11
1900.0,	7
1907.0,	12
1914.0,	13
1921.0,	9
1928.0,	12
1935.0,	16
1942.0,	13
1949.0,	15
1956.0,	12
1963.0,	16
1970.0,	14
1977.0,	16
1984.0,	4
1991.0,	13
1998.0,	11
2003.0,	10
2010.0,	11
2017.0,	13
2024.0,	11
2031.0,	9
2038.0,	7
2045.0,	6
2052.0,	5
2059.0,	4
2066.0,	3
2073.0,	5
2080.0,	6
2087.0,	7
2094.0,	4
2101.0,	3
2108.0,	4
2115.0,	8
2122.0,	2
2129.0,	4
2136.0,	7
2143.0,	5
2150.0,	8
2157.0,	2
2164.0,	6
2171.0,	2
2178.0,	5
2185.0,	5
2192.0,	1
2199.0,	5
2206.0,	6
2213.0,	2
2220.0,	5
2227.0,	1
2234.0,	4
2241.0,	5
2248.0,	4
2255.0,	6
2262.0,	3
2269.0,	9
2276.0,	2
2283.0,	3
2290.0,	4
2297.0,	3
2304.0,	5
2311.0,	2
2318.0,	2
2325.0,	3
2332.0,	3
2339.0,	3
2346.0,	3
2353.0,	6
2360.0,	1
2367.0,	2
2374.0,	2
2381.0,	2
2388.0,	4
2395.0,	1
2409.0,	1
2416.0,	1
2423.0,	3
2430.0,	4
2437.0,	3
2444.0,	3
2465.0,	3
2472.0,	1
2479.0,	5
2486.0,	3
2493.0,	1
2500.0,	2
2507.0,	3
2514.0,	2
2521.0,	3
2535.0,	1
2556.0,	2
2563.0,	1
2570.0,	4
2584.0,	1
2591.0,	2
2598.0,	1
2605.0,	2
2619.0,	2
2626.0,	2
2633.0,	2
2640.0,	3
2647.0,	2
2654.0,	1
2661.0,	1
2668.0,	3
2675.0,	1
2682.0,	3
2689.0,	3
2696.0,	1
2703.0,	2
2710.0,	1
2717.0,	1
2724.0,	2
2731.0,	1
2745.0,	3
2752.0,	3
2759.0,	3
2766.0,	3
2773.0,	2
2780.0,	7
2794.0,	2
2801.0,	2
2808.0,	3
2815.0,	3
2822.0,	4
2829.0,	1
2836.0,	3
2843.0,	2
2857.0,	5
2864.0,	1
2871.0,	2
2878.0,	2
2885.0,	1
2892.0,	4
2899.0,	4
2913.0,	3
2920.0,	2
2934.0,	1
2941.0,	1
2948.0,	1
2955.0,	1
2962.0,	1
2969.0,	4
2976.0,	2
2997.0,	3
3004.0,	1
3011.0,	4
3060.0,	1
3088.0,	1
3165.0,	1
472.0,	1
500.0,	167
542.0,	1
556.0,	2
626.0,	2
633.0,	1
640.0,	1
654.0,	1
661.0,	4
668.0,	1
675.0,	2
689.0,	1
696.0,	1
710.0,	1
724.0,	3
731.0,	3
738.0,	2
745.0,	2
759.0,	4
766.0,	2
773.0,	1
780.0,	3
787.0,	2
794.0,	2
801.0,	1
808.0,	1
815.0,	3
822.0,	2
829.0,	6
836.0,	7
843.0,	4
850.0,	3
857.0,	3
864.0,	6
871.0,	1
878.0,	7
885.0,	5
892.0,	5
899.0,	6
906.0,	7
913.0,	8
920.0,	6
927.0,	9
934.0,	5
941.0,	6
948.0,	5
955.0,	11
962.0,	10
969.0,	10
976.0,	10
983.0,	9
990.0,	8
997.0,	5
1003.0,	6
1010.0,	17
1017.0,	11
1024.0,	13
1031.0,	11
1038.0,	15
1045.0,	9
1052.0,	12
1059.0,	21
1066.0,	16
1073.0,	16
1080.0,	11
1087.0,	16
1094.0,	20
1101.0,	21
1108.0,	16
1115.0,	24
1122.0,	21
1129.0,	21
1136.0,	22
1143.0,	29
1150.0,	28
1157.0,	12
1164.0,	33
1171.0,	25
1178.0,	31
1185.0,	26
1192.0,	41
1199.0,	32
1206.0,	47
1213.0,	37
1220.0,	36
1227.0,	43
1234.0,	45
1241.0,	35
1248.0,	33
1255.0,	44
1262.0,	36
1269.0,	46
1276.0,	36
1283.0,	37
1290.0,	57
1297.0,	52
1304.0,	44
1311.0,	57
1318.0,	53
1325.0,	22
1332.0,	43
1339.0,	30
1346.0,	36
1353.0,	51
1360.0,	39
1367.0,	49
1374.0,	48
1381.0,	50
1388.0,	45
1395.0,	45
1402.0,	38
1409.0,	51
1416.0,	35
1423.0,	55
1430.0,	52
1437.0,	42
1444.0,	46
1451.0,	48
1458.0,	54
1465.0,	55
1472.0,	45
1479.0,	45
1486.0,	45
149.0,	1
1493.0,	42
1500.0,	22
1507.0,	41
1514.0,	45
1521.0,	41
1528.0,	40
1535.0,	51
1542.0,	53
1549.0,	38
1556.0,	31
1563.0,	36
1570.0,	28
1577.0,	31
1584.0,	31
1591.0,	31
1598.0,	27
1605.0,	33
1612.0,	36
1619.0,	24
1626.0,	27
1633.0,	20
1640.0,	29
1647.0,	32
1654.0,	24
1661.0,	25
1668.0,	21
1675.0,	23
1682.0,	22
1689.0,	32
1696.0,	23
1703.0,	19
1710.0,	23
1717.0,	23
1724.0,	24
1731.0,	26
1738.0,	15
1745.0,	23
1752.0,	23
1759.0,	23
1766.0,	26
1773.0,	28
1780.0,	21
1787.0,	19
1794.0,	25
1801.0,	17
1808.0,	12
1815.0,	23
1822.0,	35
1829.0,	37
1836.0,	24
1843.0,	28
1850.0,	20
1857.0,	15
1864.0,	18
1871.0,	13
1878.0,	13
1885.0,	11
1892.0,	13
1899.0,	15
1906.0,	16
1913.0,	17
1920.0,	10
1927.0,	13
1934.0,	6
1941.0,	12
1948.0,	9
1955.0,	14
1962.0,	10
1969.0,	14
1976.0,	12
1983.0,	8
1990.0,	7
1997.0,	5
2002.0,	16
2009.0,	5
2016.0,	12
2023.0,	5
2030.0,	3
2037.0,	11
2044.0,	3
2051.0,	11
2058.0,	8
2065.0,	3
2072.0,	10
2079.0,	8
2086.0,	6
2093.0,	8
2100.0,	5
2107.0,	9
2114.0,	7
2121.0,	4
2128.0,	6
2135.0,	5
2142.0,	3
2149.0,	4
2156.0,	4
2163.0,	4
2170.0,	3
2177.0,	1
2184.0,	4
2191.0,	3
2198.0,	4
2205.0,	3
2219.0,	2
2226.0,	2
2233.0,	3
2240.0,	2
2247.0,	5
2254.0,	4
2261.0,	5
2268.0,	5
2275.0,	3
2282.0,	1
2289.0,	2
2296.0,	2
2303.0,	2
2310.0,	3
2317.0,	4
2324.0,	4
2331.0,	3
2345.0,	1
2352.0,	2
2359.0,	1
2366.0,	1
2373.0,	2
2380.0,	3
2387.0,	1
2394.0,	3
2401.0,	2
2415.0,	2
2422.0,	4
2429.0,	4
2436.0,	3
2450.0,	2
2457.0,	1
2471.0,	1
2485.0,	3
2492.0,	2
2499.0,	1
2506.0,	3
2513.0,	1
2520.0,	1
2527.0,	1
2534.0,	4
2541.0,	1
2555.0,	3
2562.0,	2
2576.0,	2
2583.0,	2
2590.0,	2
2597.0,	2
2604.0,	2
2611.0,	1
2625.0,	1
2632.0,	2
2639.0,	1
2646.0,	6
2653.0,	3
2660.0,	2
2674.0,	2
2681.0,	2
2688.0,	2
2695.0,	2
2702.0,	2
2716.0,	1
2730.0,	3
2737.0,	1
2744.0,	1
2751.0,	3
2758.0,	2
2765.0,	5
2772.0,	4
2779.0,	3
2786.0,	2
2793.0,	1
2800.0,	2
2807.0,	3
2814.0,	1
2821.0,	1
2828.0,	3
2842.0,	1
2849.0,	2
2856.0,	4
2870.0,	3
2884.0,	3
2891.0,	1
2898.0,	2
2912.0,	1
2919.0,	1
2926.0,	4
2933.0,	1
2940.0,	1
2954.0,	4
2961.0,	2
2968.0,	1
2982.0,	2
2989.0,	1
3003.0,	2
3010.0,	1
3017.0,	2
3024.0,	1
3045.0,	1
3052.0,	1
3157.0,	1
3199.0,	1
387.0,	1
408.0,	1
443.0,	1
548.0,	1
562.0,	2
569.0,	1
611.0,	1
625.0,	2
639.0,	3
646.0,	1
653.0,	1
660.0,	1
681.0,	3
688.0,	2
695.0,	1
702.0,	1
709.0,	3
737.0,	4
744.0,	4
751.0,	4
758.0,	2
765.0,	3
772.0,	2
779.0,	4
786.0,	2
793.0,	1
800.0,	2
807.0,	5
814.0,	4
821.0,	4
828.0,	4
835.0,	6
842.0,	5
849.0,	2
856.0,	4
863.0,	4
870.0,	7
877.0,	5
884.0,	6
891.0,	5
898.0,	8
905.0,	6
912.0,	9
919.0,	6
926.0,	3
933.0,	9
940.0,	5
947.0,	11
954.0,	9
961.0,	12
968.0,	7
975.0,	9
982.0,	11
989.0,	10
996.0,	11
1002.0,	8
1009.0,	12
1016.0,	10
1023.0,	15
1030.0,	17
1037.0,	8
1044.0,	6
1051.0,	29
1058.0,	14
1065.0,	17
1072.0,	18
1079.0,	11
1086.0,	16
1093.0,	17
1100.0,	21
1107.0,	15
1114.0,	30
1121.0,	14
1128.0,	20
1135.0,	23
1142.0,	25
1149.0,	27
1156.0,	25
1163.0,	32
1170.0,	34
1177.0,	32
1184.0,	31
1191.0,	20
1198.0,	35
1205.0,	40
1212.0,	39
1219.0,	35
1226.0,	35
1233.0,	25
1240.0,	32
1247.0,	41
1254.0,	47
1261.0,	35
1268.0,	34
1275.0,	38
1282.0,	49
1289.0,	41
1296.0,	53
1303.0,	48
1310.0,	43
1317.0,	43
1324.0,	49
1331.0,	46
1338.0,	39
1345.0,	45
1352.0,	41
1359.0,	39
1366.0,	56
1373.0,	48
1380.0,	45
1387.0,	38
1394.0,	62
1401.0,	42
1408.0,	41
1415.0,	46
1422.0,	46
1429.0,	44
1436.0,	46
1443.0,	34
1450.0,	53
1457.0,	39
1464.0,	59
1471.0,	41
1478.0,	46
1485.0,	47
1492.0,	36
1499.0,	45
1506.0,	35
1513.0,	40
1520.0,	39
1527.0,	50
1534.0,	30
1541.0,	47
1548.0,	35
1555.0,	22
1562.0,	33
1569.0,	32
1576.0,	42
1583.0,	21
1590.0,	38
1597.0,	32
1604.0,	31
1611.0,	27
1618.0,	35
1625.0,	27
1632.0,	21
1639.0,	32
1646.0,	30
1653.0,	28
1660.0,	21
1667.0,	37
1674.0,	20
1681.0,	17
1688.0,	24
1695.0,	21
1702.0,	19
1709.0,	26
1716.0,	14
1723.0,	23
1730.0,	26
1737.0,	26
1744.0,	26
1751.0,	33
1758.0,	31
1765.0,	19
1772.0,	21
1779.0,	28
1786.0,	16
1793.0,	23
1800.0,	18
1807.0,	21
1814.0,	31
1821.0,	34
1828.0,	26
1835.0,	29
1842.0,	27
1849.0,	30
1856.0,	24
1863.0,	14
1870.0,	15
1877.0,	15
1884.0,	14
1891.0,	18
1898.0,	8
1905.0,	15
1912.0,	11
1919.0,	9
1926.0,	15
1933.0,	8
1940.0,	7
1947.0,	8
1954.0,	13
1961.0,	14
1968.0,	18
1975.0,	10
1982.0,	10
1989.0,	10
1996.0,	9
2001.0,	8
2008.0,	7
2015.0,	9
2022.0,	12
2029.0,	6
2036.0,	10
2043.0,	5
2050.0,	8
2057.0,	7
2064.0,	7
2071.0,	5
2078.0,	3
2085.0,	6
2092.0,	7
2099.0,	2
2106.0,	2
2113.0,	4
2127.0,	3
2134.0,	4
2141.0,	3
2148.0,	2
2155.0,	4
2162.0,	1
2169.0,	4
2176.0,	5
2183.0,	3
2190.0,	4
2197.0,	2
2204.0,	2
2211.0,	3
2218.0,	3
2225.0,	2
2232.0,	9
2239.0,	5
2246.0,	7
2253.0,	4
2260.0,	5
2267.0,	2
2274.0,	5
2281.0,	6
2288.0,	4
2295.0,	8
2302.0,	5
2309.0,	1
2316.0,	1
2323.0,	1
2330.0,	5
2337.0,	1
2344.0,	3
2351.0,	4
2358.0,	4
2365.0,	3
2372.0,	1
2379.0,	1
2393.0,	6
2400.0,	4
2407.0,	1
2414.0,	2
2428.0,	1
2435.0,	3
2442.0,	3
2449.0,	3
2456.0,	1
2463.0,	1
2477.0,	3
2498.0,	2
2505.0,	1
2519.0,	2
2526.0,	3
2533.0,	2
2540.0,	2
2547.0,	1
2554.0,	2
2561.0,	1
2568.0,	3
2575.0,	1
2582.0,	3
2589.0,	3
2596.0,	3
2603.0,	2
2610.0,	1
2617.0,	4
2624.0,	3
2631.0,	3
2638.0,	2
2645.0,	3
2652.0,	1
2659.0,	1
2666.0,	4
2680.0,	2
2694.0,	2
2701.0,	4
2708.0,	3
2715.0,	2
2722.0,	1
2729.0,	3
2736.0,	1
2743.0,	3
2750.0,	1
2757.0,	1
2764.0,	3
2771.0,	1
2778.0,	1
2785.0,	2
2792.0,	3
2799.0,	1
2806.0,	2
2813.0,	1
2820.0,	3
2834.0,	3
2841.0,	3
2862.0,	3
2869.0,	3
2876.0,	2
2883.0,	4
2890.0,	1
2897.0,	3
2904.0,	2
2911.0,	3
2918.0,	1
2925.0,	2
2939.0,	3
2946.0,	3
2953.0,	1
2967.0,	2
2974.0,	1
2981.0,	2
2988.0,	2
3002.0,	2
3009.0,	1
3016.0,	3
3030.0,	1
3044.0,	1
3184.0,	2
449.0,	1
512.0,	1
554.0,	1
568.0,	1
596.0,	2
617.0,	1
631.0,	2
638.0,	2
659.0,	1
673.0,	1
680.0,	2
687.0,	2
694.0,	1
715.0,	1
722.0,	2
729.0,	1
736.0,	2
743.0,	2
757.0,	1
771.0,	2
792.0,	5
799.0,	3
806.0,	3
813.0,	3
820.0,	4
827.0,	3
834.0,	6
841.0,	6
848.0,	3
855.0,	4
862.0,	4
869.0,	5
876.0,	4
883.0,	3
890.0,	10
897.0,	5
904.0,	6
911.0,	2
918.0,	6
925.0,	3
932.0,	5
939.0,	11
946.0,	6
953.0,	5
960.0,	8
967.0,	12
974.0,	9
981.0,	8
988.0,	12
995.0,	10
0.0,	8030
1001.0,	9
1008.0,	10
1015.0,	15
1022.0,	17
1029.0,	14
1036.0,	9
1043.0,	13
1050.0,	11
1057.0,	13
1064.0,	11
1071.0,	21
1078.0,	16
1085.0,	21
1092.0,	10
1099.0,	20
1106.0,	25
1113.0,	23
1120.0,	18
1127.0,	25
1134.0,	25
1141.0,	33
1148.0,	34
1155.0,	18
1162.0,	18
1169.0,	39
1176.0,	26
1183.0,	16
1190.0,	30
1197.0,	36
1204.0,	44
1211.0,	40
1218.0,	34
1225.0,	33
1232.0,	33
1239.0,	40
1246.0,	31
1253.0,	41
1260.0,	36
1267.0,	33
1274.0,	38
1281.0,	46
1288.0,	47
1295.0,	26
1302.0,	43
1309.0,	52
1316.0,	54
1323.0,	42
1330.0,	50
1337.0,	43
1344.0,	44
1351.0,	34
1358.0,	47
1365.0,	48
1372.0,	45
1379.0,	53
1386.0,	46
1393.0,	44
1400.0,	37
1407.0,	48
1414.0,	36
1421.0,	41
1428.0,	39
1435.0,	49
1442.0,	52
1449.0,	39
1456.0,	56
1463.0,	38
1470.0,	44
1477.0,	45
1484.0,	34
1491.0,	34
1498.0,	50
1505.0,	48
1512.0,	35
1519.0,	37
1526.0,	38
1533.0,	43
1540.0,	41
1547.0,	32
1554.0,	24
1561.0,	25
1568.0,	36
1575.0,	42
1582.0,	32
1589.0,	38
1596.0,	26
1603.0,	34
1610.0,	36
1617.0,	30
1624.0,	22
1631.0,	31
1638.0,	32
1645.0,	39
1652.0,	26
1659.0,	36
1666.0,	24
1673.0,	26
1680.0,	18
1687.0,	30
1694.0,	21
1701.0,	19
1708.0,	28
1715.0,	21
1722.0,	16
1729.0,	24
1736.0,	19
1743.0,	26
1750.0,	30
1757.0,	24
1764.0,	26
1771.0,	30
1778.0,	32
1785.0,	16
1792.0,	26
1799.0,	25
18.0,	1
1806.0,	19
1813.0,	25
1820.0,	39
1827.0,	33
1834.0,	30
1841.0,	26
1848.0,	18
1855.0,	23
1862.0,	24
1869.0,	12
1876.0,	22
1883.0,	12
1890.0,	23
1897.0,	23
1904.0,	16
1911.0,	13
1918.0,	9
1925.0,	12
1932.0,	16
1939.0,	12
1946.0,	13
1953.0,	8
1960.0,	15
1967.0,	11
1974.0,	10
1981.0,	14
1988.0,	10
1995.0,	11
2000.0,	11
2007.0,	5
2014.0,	11
2021.0,	5
2028.0,	7
2035.0,	4
2042.0,	7
2049.0,	5
2056.0,	9
2063.0,	7
2070.0,	8
2077.0,	12
2084.0,	1
2091.0,	3
2098.0,	10
2105.0,	5
2112.0,	6
2119.0,	4
2126.0,	13
2133.0,	8
2140.0,	7
2147.0,	3
2154.0,	4
2161.0,	5
2168.0,	3
2175.0,	6
2182.0,	9
2189.0,	2
2196.0,	9
2203.0,	1
2210.0,	2
2217.0,	2
2224.0,	5
2231.0,	4
2238.0,	3
2245.0,	3
2252.0,	4
2259.0,	2
2266.0,	6
2273.0,	1
2280.0,	6
2287.0,	2
2294.0,	5
2301.0,	4
2308.0,	6
2315.0,	3
2322.0,	5
2329.0,	6
2336.0,	5
2343.0,	5
2350.0,	4
2357.0,	3
2364.0,	1
2371.0,	1
2385.0,	4
2392.0,	2
2399.0,	3
2406.0,	1
2413.0,	2
2420.0,	1
2427.0,	5
2434.0,	1
2441.0,	3
2448.0,	3
2462.0,	1
2469.0,	1
2476.0,	2
2483.0,	2
2497.0,	2
2511.0,	1
2518.0,	2
2525.0,	2
2532.0,	1
2539.0,	3
2546.0,	1
2553.0,	2
2567.0,	2
2574.0,	1
2595.0,	1
2602.0,	1
2609.0,	3
2616.0,	1
2623.0,	1
2630.0,	2
2637.0,	3
2644.0,	2
2651.0,	2
2658.0,	2
2665.0,	2
2672.0,	2
2679.0,	2
2686.0,	2
2693.0,	1
2700.0,	3
2714.0,	2
2721.0,	1
2735.0,	3
2742.0,	2
2749.0,	4
2756.0,	3
2763.0,	2
2770.0,	1
2777.0,	3
2784.0,	2
2791.0,	1
2798.0,	2
2812.0,	2
2819.0,	2
2826.0,	2
2833.0,	1
2840.0,	2
2847.0,	3
2854.0,	3
2861.0,	2
2868.0,	3
2875.0,	2
2889.0,	4
2896.0,	1
2903.0,	4
2910.0,	1
2917.0,	2
2924.0,	4
2938.0,	1
2945.0,	1
2952.0,	3
2959.0,	3
2966.0,	1
2987.0,	1
2994.0,	1
3001.0,	1
3008.0,	4
3015.0,	1
3022.0,	1
3043.0,	1
3064.0,	2
3092.0,	1
392.0,	1
399.0,	2
539.0,	2
560.0,	1
567.0,	1
574.0,	2
581.0,	2
602.0,	1
609.0,	3
616.0,	3
630.0,	1
644.0,	2
651.0,	1
658.0,	2
665.0,	2
672.0,	1
679.0,	2
693.0,	1
707.0,	1
714.0,	1
721.0,	4
728.0,	1
735.0,	2
742.0,	2
749.0,	2
756.0,	2
763.0,	1
770.0,	4
777.0,	2
784.0,	2
791.0,	3
798.0,	2
805.0,	1
812.0,	2
819.0,	3
826.0,	2
833.0,	4
840.0,	3
847.0,	7
854.0,	4
861.0,	9
868.0,	7
875.0,	4
882.0,	4
889.0,	5
896.0,	4
903.0,	5
910.0,	9
917.0,	11
924.0,	9
931.0,	6
938.0,	5
945.0,	12
952.0,	11
959.0,	7
966.0,	7
973.0,	9
980.0,	15
987.0,	6
994.0,	5
1000.0,	12
1007.0,	11
1014.0,	13
1021.0,	12
1028.0,	8
1035.0,	15
1042.0,	11
1049.0,	17
1056.0,	13
1063.0,	14
1070.0,	15
1077.0,	17
1084.0,	20
1091.0,	22
1098.0,	20
1105.0,	22
1112.0,	18
1119.0,	16
1126.0,	25
1133.0,	25
1140.0,	22
1147.0,	29
1154.0,	27
1161.0,	28
1168.0,	24
1175.0,	25
1182.0,	33
1189.0,	24
1196.0,	41
1203.0,	43
1210.0,	44
1217.0,	40
1224.0,	35
1231.0,	27
1238.0,	31
1245.0,	31
1252.0,	46
1259.0,	47
1266.0,	48
1273.0,	33
1280.0,	34
1287.0,	37
1294.0,	40
1301.0,	53
1308.0,	51
1315.0,	45
1322.0,	55
1329.0,	44
1336.0,	51
1343.0,	52
1350.0,	55
1357.0,	43
1364.0,	50
1371.0,	53
1378.0,	49
1385.0,	50
1392.0,	54
1399.0,	48
1406.0,	38
1413.0,	45
1420.0,	41
1427.0,	48
1434.0,	34
1441.0,	42
1448.0,	51
1455.0,	47
1462.0,	40
1469.0,	48
1476.0,	42
1483.0,	47
1490.0,	38
1497.0,	45
1504.0,	32
1511.0,	35
1518.0,	34
1525.0,	39
1532.0,	40
1539.0,	42
1546.0,	46
1553.0,	36
1560.0,	36
1567.0,	33
1574.0,	25
1581.0,	31
1588.0,	25
1595.0,	35
1602.0,	33
1609.0,	34
1616.0,	32
1623.0,	25
1630.0,	24
1637.0,	24
1644.0,	33
1651.0,	27
1658.0,	36
1665.0,	31
1672.0,	26
1679.0,	34
1686.0,	33
1693.0,	26
1700.0,	33
1707.0,	27
1714.0,	16
1721.0,	22
1728.0,	22
1735.0,	33
1742.0,	22
1749.0,	21
1756.0,	23
1763.0,	17
1770.0,	26
1777.0,	16
1784.0,	19
1791.0,	25
1798.0,	10
1805.0,	27
1812.0,	17
1819.0,	40
1826.0,	22
1833.0,	26
1840.0,	32
1847.0,	19
1854.0,	21
1861.0,	15
1868.0,	13
1875.0,	16
1882.0,	18
1889.0,	11
1896.0,	15
1903.0,	16
1910.0,	12
1917.0,	14
1924.0,	6
1931.0,	10
1938.0,	18
1945.0,	15
1952.0,	17
1959.0,	14
1966.0,	11
1973.0,	9
1980.0,	9
1987.0,	13
1994.0,	6
2006.0,	8
2013.0,	14
202.0,	1
2020.0,	3
2027.0,	9
2034.0,	12
2041.0,	7
2048.0,	8
2055.0,	9
2062.0,	4
2069.0,	7
2076.0,	2
2083.0,	4
2090.0,	10
2097.0,	6
2104.0,	9
2111.0,	9
2118.0,	5
2125.0,	7
2132.0,	8
2139.0,	4
2146.0,	3
2153.0,	6
2160.0,	8
2167.0,	4
2174.0,	1
2181.0,	10
2188.0,	5
2195.0,	5
2202.0,	4
2209.0,	5
2216.0,	3
2223.0,	2
2230.0,	3
2237.0,	3
2251.0,	2
2258.0,	3
2265.0,	7
2272.0,	2
2279.0,	5
2286.0,	2
2293.0,	2
2300.0,	6
2307.0,	7
2314.0,	1
2321.0,	3
2328.0,	2
2342.0,	5
2349.0,	4
2356.0,	6
2363.0,	5
2377.0,	3
2384.0,	1
2391.0,	3
2398.0,	3
2405.0,	5
2412.0,	2
2419.0,	3
2426.0,	2
2433.0,	2
2440.0,	1
2447.0,	1
2454.0,	1
2461.0,	2
2468.0,	1
2475.0,	3
2482.0,	2
2496.0,	1
2510.0,	2
2517.0,	1
2524.0,	1
2531.0,	1
2538.0,	1
2545.0,	4
2552.0,	2
2559.0,	1
2566.0,	3
2573.0,	3
2587.0,	3
2594.0,	2
2601.0,	3
2608.0,	2
2615.0,	2
2622.0,	7
2629.0,	3
2636.0,	4
2643.0,	2
2650.0,	3
2657.0,	1
2664.0,	1
2671.0,	3
2678.0,	2
2685.0,	1
2692.0,	1
2699.0,	2
2706.0,	3
2713.0,	2
2720.0,	2
2734.0,	2
2741.0,	1
2755.0,	3
2762.0,	3
2769.0,	1
2776.0,	5
2783.0,	3
2790.0,	3
2797.0,	2
2804.0,	2
2811.0,	4
2825.0,	1
2832.0,	1
2839.0,	3
2853.0,	5
2860.0,	4
2867.0,	3
2874.0,	5
2881.0,	1
2888.0,	5
2895.0,	1
2902.0,	1
2916.0,	1
2923.0,	4
2930.0,	5
2937.0,	2
2944.0,	4
2951.0,	1
2958.0,	1
2965.0,	1
2979.0,	1
2986.0,	3
2993.0,	1
3000.0,	2
3007.0,	1
3035.0,	2
3042.0,	1
3056.0,	1
3231.0,	1
328.0,	1
398.0,	1
405.0,	1
475.0,	1
559.0,	1
580.0,	2
587.0,	1
622.0,	2
636.0,	2
643.0,	1
678.0,	1
692.0,	1
706.0,	1
713.0,	4
727.0,	2
748.0,	1
755.0,	1
762.0,	1
769.0,	1
776.0,	4
783.0,	3
790.0,	2
797.0,	1
804.0,	1
811.0,	1
818.0,	2
825.0,	8
832.0,	4
839.0,	4
846.0,	10
853.0,	7
860.0,	2
867.0,	8
874.0,	3
881.0,	4
888.0,	11
895.0,	3
902.0,	5
909.0,	5
916.0,	5
923.0,	6
930.0,	8
937.0,	8
944.0,	8
951.0,	5
958.0,	5
965.0,	12
972.0,	9
979.0,	6
986.0,	18
993.0,	10
